SNP,P_value,Significant,Significant_Corrected
snp0,4.791712597192231e-13,True,True
snp1,4.6289717184143334e-08,True,False
snp2,2.7468930788726465e-24,True,True
snp3,0.0795117768141094,False,False
snp4,1.2745475031946934e-06,False,False
snp5,0.26925978175065757,False,False
snp6,5.490833603385065e-06,False,False
snp7,0.01547251246338294,False,False
snp8,8.493989623773284e-05,False,False
snp9,2.160245661867921e-05,False,False
snp10,5.154594471731909e-07,False,False
snp11,1.0814284825683396e-05,False,False
snp12,1.0,False,False
snp13,0.019312411588304712,False,False
snp14,1.5051083818269576e-06,False,False
snp15,3.5559760519377717e-06,False,False
snp16,3.109333872226138e-10,True,False
snp17,0.0027038782157665607,False,False
snp18,0.01982414356893598,False,False
snp19,8.745274934137824e-22,True,True
snp20,1.0,False,False
snp21,3.64300887069644e-26,True,True
snp22,0.05778754719284508,False,False
snp23,2.1934806078634936e-05,False,False
snp24,1.229843361712713e-35,True,True
snp25,7.393403956989688e-07,False,False
snp26,0.8403056164587854,False,False
snp27,0.28321229503284834,False,False
snp28,0.015931082636214944,False,False
snp29,1.0,False,False
snp30,3.1620917508453052e-15,True,True
snp31,0.5818865355091679,False,False
snp32,2.162339260416689e-15,True,True
snp33,6.054398192000401e-19,True,True
snp34,3.3188638452742293e-10,True,False
snp35,0.013193070287584149,False,False
snp36,0.4681582413444184,False,False
snp37,2.844997189113499e-05,False,False
snp38,0.0029758072218975754,False,False
snp39,0.038719314457074584,False,False
snp40,2.783802724922184e-05,False,False
snp41,0.00880487966447361,False,False
snp42,4.115027670909527e-22,True,True
snp43,4.5151030865227264e-29,True,True
snp44,0.0007614649445335163,False,False
snp45,5.2678950949420715e-12,True,True
snp46,7.084223699718058e-13,True,True
snp47,0.015104991537964036,False,False
snp48,0.007779691757763474,False,False
snp49,0.2819815575484397,False,False
snp50,0.0578397786754478,False,False
snp51,3.7973745968310207e-10,True,False
snp52,5.233468107385792e-07,False,False
snp53,0.0554035911866808,False,False
snp54,1.4769000142896783e-12,True,True
snp55,1.5178540169019623e-20,True,True
snp56,0.36710253746783617,False,False
snp57,5.765037404798909e-17,True,True
snp58,2.729028983800972e-10,True,False
snp59,2.2517212328191272e-05,False,False
snp60,3.8783404162278375e-23,True,True
snp61,0.006750070408419183,False,False
snp62,0.6245886985545663,False,False
snp63,3.746897942651288e-30,True,True
snp64,1.0,False,False
snp65,0.10810810810810809,False,False
snp66,0.0009750211668151038,False,False
snp67,0.07446205290642303,False,False
snp68,1.3699360818715904e-31,True,True
snp69,0.00880487966447361,False,False
snp70,3.0559150764416176e-12,True,True
snp71,3.9110147742986336e-14,True,True
snp72,2.62451502290515e-07,False,False
snp73,0.002239271366526095,False,False
snp74,0.0992120908623588,False,False
snp75,1.5128990105139702e-12,True,True
snp76,0.03420190897693705,False,False
snp77,0.12176137834766332,False,False
snp78,4.502204643990243e-29,True,True
snp79,0.05492234353834886,False,False
snp80,0.6478383873955029,False,False
snp81,0.8371468264546733,False,False
snp82,0.8221505628444159,False,False
snp83,0.6030711460045444,False,False
snp84,2.642493952160433e-07,False,False
snp85,0.09921209086235883,False,False
snp86,1.3717195219998077e-22,True,True
snp87,2.0228479104144053e-07,False,False
snp88,3.185511409399705e-09,True,False
snp89,0.0003928585560549645,False,False
snp90,0.0006236466677590332,False,False
snp91,2.2517212328191265e-05,False,False
snp92,0.0017899448531482993,False,False
snp93,4.2884600323870054e-07,False,False
snp94,0.2052442565360513,False,False
snp95,2.3406983360353445e-10,True,False
snp96,0.014442883455325958,False,False
snp97,1.0438649980664808e-05,False,False
snp98,0.73209268593293,False,False
snp99,0.41035281421387404,False,False
snp100,6.141432346305728e-09,True,False
snp101,0.011959456876519845,False,False
snp102,1.6108614175663907e-14,True,True
snp103,1.5840345610621387e-24,True,True
snp104,0.04924594502515821,False,False
snp105,1.832430822821811e-11,True,True
snp106,0.0030369746333607263,False,False
snp107,0.004353843254658139,False,False
snp108,0.0031745347195637325,False,False
snp109,0.11590983058610477,False,False
snp110,1.976805784703781e-25,True,True
snp111,3.057009249470307e-13,True,True
snp112,0.005586428693545007,False,False
snp113,2.2231547568239663e-07,False,False
snp114,1.0,False,False
snp115,2.299845245318551e-20,True,True
snp116,0.16570635730567151,False,False
snp117,3.309246855462595e-10,True,False
snp118,7.02150102413112e-07,False,False
snp119,0.8592852965668966,False,False
snp120,8.375048975871247e-28,True,True
snp121,2.0133452908935982e-17,True,True
snp122,0.08811706777588965,False,False
snp123,4.646786198696459e-13,True,True
snp124,1.0,False,False
snp125,0.0037395750329985203,False,False
snp126,0.25775439869399597,False,False
snp127,1.411465059400375e-15,True,True
snp128,0.06448079308192668,False,False
snp129,3.2280060781955183e-13,True,True
snp130,0.00500145261734671,False,False
snp131,0.05402591313273628,False,False
snp132,2.9215198280618165e-05,False,False
snp133,0.04648684992833349,False,False
snp134,0.09013342185595333,False,False
snp135,0.0008551636025415509,False,False
snp136,3.64300887069644e-26,True,True
snp137,9.128727428518298e-13,True,True
snp138,6.734240731292374e-05,False,False
snp139,5.4317918277707275e-15,True,True
snp140,5.603370522469376e-08,False,False
snp141,2.1264285466131025e-10,True,False
snp142,0.32507867475593355,False,False
snp143,8.939156224963108e-23,True,True
snp144,2.687083915307161e-19,True,True
snp145,5.073375697524644e-05,False,False
snp146,8.705329425491909e-26,True,True
snp147,0.0006236466677590332,False,False
snp148,0.006638218697046125,False,False
snp149,6.64854835561812e-17,True,True
snp150,0.0009508937485438807,False,False
snp151,7.800425050077793e-11,True,False
snp152,0.06203993576752592,False,False
snp153,2.4147097703318976e-06,False,False
snp154,2.7508684515617476e-09,True,False
snp155,7.778526112735572e-06,False,False
snp156,0.20197465434114756,False,False
snp157,0.36571202750550813,False,False
snp158,0.015620214574339087,False,False
snp159,0.10324719058089035,False,False
snp160,0.00022553299593190365,False,False
snp161,0.009385450831705923,False,False
snp162,0.00177349327151477,False,False
snp163,0.0003739936940643752,False,False
snp164,4.187199511164782e-05,False,False
snp165,1.0523966768174069e-13,True,True
snp166,0.08161194407186088,False,False
snp167,0.03744536266177804,False,False
snp168,3.1855114093997055e-09,True,False
snp169,0.26925978175065757,False,False
snp170,0.014138636302271964,False,False
snp171,1.4515688516551167e-09,True,False
snp172,1.9434954979653607e-09,True,False
snp173,0.11447579673693947,False,False
snp174,2.739713592052806e-13,True,True
snp175,0.3858640246265496,False,False
snp176,1.4611990569232427e-06,False,False
snp177,3.980817262874146e-18,True,True
snp178,5.466129883562024e-05,False,False
snp179,4.876694009169798e-29,True,True
snp180,0.00023346812795440607,False,False
snp181,1.0,False,False
snp182,2.103902522374201e-31,True,True
snp183,8.520654369632817e-23,True,True
snp184,0.4007220962073498,False,False
snp185,0.00040963566690937125,False,False
snp186,1.96527518047633e-07,False,False
snp187,0.022526614821955077,False,False
snp188,0.4816799330434479,False,False
snp189,3.3403533402589015e-22,True,True
snp190,0.016857022534269656,False,False
snp191,4.226674964904097e-14,True,True
snp192,1.2565987476675215e-08,True,False
snp193,1.0,False,False
snp194,1.6603830068401642e-07,False,False
snp195,8.859951246027298e-19,True,True
snp196,2.2290701804639363e-08,True,False
snp197,8.946233857512176e-12,True,True
snp198,0.7137802368878985,False,False
snp199,0.0066704828311870395,False,False
snp200,1.156544948471489e-27,True,True
snp201,0.24810529068568357,False,False
snp202,7.480191808349225e-07,False,False
snp203,6.958932907705999e-08,False,False
snp204,2.62258977437828e-10,True,False
snp205,1.0,False,False
snp206,0.00880487966447361,False,False
snp207,1.8713532994009542e-10,True,False
snp208,0.00574259955491469,False,False
snp209,0.01026783370943293,False,False
snp210,0.2987452635191021,False,False
snp211,2.909653272221778e-10,True,False
snp212,1.0855015499052857e-08,True,False
snp213,0.015931082636214944,False,False
snp214,1.539945818804421e-21,True,True
snp215,1.0,False,False
snp216,3.673232675555846e-27,True,True
snp217,1.1565449484714893e-27,True,True
snp218,1.0,False,False
snp219,0.5960024512342315,False,False
snp220,7.991141882297644e-13,True,True
snp221,3.7820801377066866e-11,True,True
snp222,8.017719904040552e-12,True,True
snp223,7.005889645884092e-12,True,True
snp224,1.9495353071491203e-10,True,False
snp225,0.20029765214711528,False,False
snp226,1.1889866059296708e-14,True,True
snp227,5.104357245326193e-08,False,False
snp228,0.14581634443287209,False,False
snp229,6.826611241065228e-06,False,False
snp230,3.7123737429708375e-14,True,True
snp231,1.3088642851546735e-26,True,True
snp232,0.006496179068755851,False,False
snp233,7.3703027249831474e-06,False,False
snp234,0.4557703664406915,False,False
snp235,9.790266117326339e-10,True,False
snp236,1.1889866059296708e-14,True,True
snp237,0.0005821678809431762,False,False
snp238,1.6786547841542529e-07,False,False
snp239,4.756114413471378e-05,False,False
snp240,1.3848040538393468e-06,False,False
snp241,0.288017582230213,False,False
snp242,0.00971922936593114,False,False
snp243,3.673232675555846e-27,True,True
snp244,1.7297762405383875e-25,True,True
snp245,0.8626467918561556,False,False
snp246,1.1837727297754574e-19,True,True
snp247,3.057009249470307e-13,True,True
snp248,3.0559150764416176e-12,True,True
snp249,0.29684573051089763,False,False
snp250,1.3699360818715902e-31,True,True
snp251,0.8510155547698839,False,False
snp252,9.536247874583322e-09,True,False
snp253,0.11447579673693947,False,False
snp254,0.0664378630970075,False,False
snp255,2.414709770331898e-06,False,False
snp256,0.03461434180506918,False,False
snp257,0.007850911924640058,False,False
snp258,0.6640203971871869,False,False
snp259,0.2957260523680693,False,False
snp260,0.0010838895426036827,False,False
snp261,1.1201451382230298e-15,True,True
snp262,0.0020884676377274725,False,False
snp263,5.377967046755264e-06,False,False
snp264,3.540375740239315e-07,False,False
snp265,3.340353340258901e-22,True,True
snp266,0.730984233869584,False,False
snp267,0.26096329218202596,False,False
snp268,0.00025356783439984014,False,False
snp269,1.3605601192585214e-10,True,False
snp270,1.0,False,False
snp271,0.0009984362697928477,False,False
snp272,0.004304705298729261,False,False
snp273,9.128727428518298e-13,True,True
snp274,0.2134720517631906,False,False
snp275,0.435413059346206,False,False
snp276,5.801257366397458e-16,True,True
snp277,1.3717195219998077e-22,True,True
snp278,0.00019388803496361468,False,False
snp279,5.44524464430886e-24,True,True
snp280,2.8123400831492804e-10,True,False
snp281,0.028468033858182147,False,False
snp282,7.959742560539981e-11,True,False
snp283,0.001148479848981086,False,False
snp284,7.18087754646491e-29,True,True
snp285,2.1700018996729328e-22,True,True
snp286,1.0311980212342433e-16,True,True
snp287,5.335620152589194e-29,True,True
snp288,0.012850521467526393,False,False
snp289,3.1393552092872314e-10,True,False
snp290,0.05733036299968117,False,False
snp291,0.008383837168284447,False,False
snp292,5.855504410323862e-05,False,False
snp293,0.08515317147802522,False,False
snp294,0.0006774593645411015,False,False
snp295,1.0182549344882792e-09,True,False
snp296,0.001726619244475344,False,False
snp297,1.9523262688577607e-30,True,True
snp298,0.2271350219201298,False,False
snp299,0.011215472848534162,False,False
snp300,0.06203993576752592,False,False
snp301,0.43656177532294826,False,False
snp302,3.1918747919457676e-07,False,False
snp303,1.1793797635773173e-07,False,False
snp304,5.847912881513239e-05,False,False
snp305,5.921139742017717e-06,False,False
snp306,0.0016615481421272203,False,False
snp307,0.003189771569294379,False,False
snp308,0.002232329076275091,False,False
snp309,1.2745475031946934e-06,False,False
snp310,6.929099404601695e-07,False,False
snp311,6.236998250256723e-15,True,True
snp312,0.8145920206324552,False,False
snp313,4.1873005267525654e-08,True,False
snp314,0.2721743435814762,False,False
snp315,0.005693777418979152,False,False
snp316,0.8577094386126931,False,False
snp317,2.1056303046305604e-16,True,True
snp318,1.1222477685506934e-12,True,True
snp319,0.1637414861425115,False,False
snp320,0.000406002147460941,False,False
snp321,0.41048456393182664,False,False
snp322,0.0375470087592949,False,False
snp323,0.0008222819968506864,False,False
snp324,2.2836739778076305e-11,True,True
snp325,1.0,False,False
snp326,2.337810580357446e-13,True,True
snp327,0.29683768539408495,False,False
snp328,1.0,False,False
snp329,0.3410610130510092,False,False
snp330,0.18411823823145626,False,False
snp331,7.847419518349444e-16,True,True
snp332,3.703945009808138e-08,True,False
snp333,0.8510155547698839,False,False
snp334,3.798703042706624e-17,True,True
snp335,0.49953725825357725,False,False
snp336,5.755664115997831e-11,True,False
snp337,0.0030369746333607263,False,False
snp338,8.51343812133218e-21,True,True
snp339,1.6528453887241846e-08,True,False
snp340,1.3572887258693794e-08,True,False
snp341,9.780906831488157e-15,True,True
snp342,8.705329425491907e-26,True,True
snp343,0.001241053000135019,False,False
snp344,0.4251015685202977,False,False
snp345,1.6203234104820185e-16,True,True
snp346,0.003661977328215196,False,False
snp347,0.1279490316509949,False,False
snp348,0.228251123151464,False,False
snp349,0.00404039448244016,False,False
snp350,3.1006801361162914e-06,False,False
snp351,0.009896507338867265,False,False
snp352,0.05440096391111626,False,False
snp353,4.38086499217764e-06,False,False
snp354,6.0543981920004e-19,True,True
snp355,8.569969947208821e-11,True,False
snp356,4.86603048221816e-18,True,True
snp357,0.00045497800454181384,False,False
snp358,4.0933039109368136e-08,True,False
snp359,1.2565987476675215e-08,True,False
snp360,4.676134903656299e-22,True,True
snp361,5.896297491208163e-10,True,False
snp362,9.390695985506956e-10,True,False
snp363,1.2109199574043945e-09,True,False
snp364,8.51343812133218e-21,True,True
snp365,1.5178540169019623e-20,True,True
snp366,0.0015914190313798832,False,False
snp367,5.711020220918123e-10,True,False
snp368,0.6110622116015623,False,False
snp369,2.9780109474494375e-07,False,False
snp370,0.000220490098037716,False,False
snp371,2.8896223815530338e-06,False,False
snp372,2.9215198280618165e-05,False,False
snp373,0.48905382608898346,False,False
snp374,0.0008501648612138819,False,False
snp375,0.00021706424623790473,False,False
snp376,0.0009666737809445852,False,False
snp377,0.0012831705490429913,False,False
snp378,0.7202588554796702,False,False
snp379,0.0037395750329985203,False,False
snp380,1.3699360818715902e-31,True,True
snp381,1.2830004499063106e-22,True,True
snp382,2.270921831178661e-12,True,True
snp383,1.6786547841542529e-07,False,False
snp384,0.016884329139892292,False,False
snp385,0.8616275889240179,False,False
snp386,1.6429122267152055e-05,False,False
snp387,2.735562692263821e-11,True,True
snp388,0.0026669262801319506,False,False
snp389,7.484759258189191e-13,True,True
snp390,6.734126130151859e-07,False,False
snp391,4.097019189196441e-34,True,True
snp392,1.0977874800555787e-06,False,False
snp393,0.07591950411490435,False,False
snp394,1.0,False,False
snp395,0.0005745581949323602,False,False
snp396,8.859951246027298e-19,True,True
snp397,0.11782050026962002,False,False
snp398,0.0013749859125773908,False,False
snp399,1.127459440809762e-05,False,False
snp400,4.1199365450013875e-06,False,False
snp401,0.0006170370496971152,False,False
snp402,0.009159047147014855,False,False
snp403,5.060018430324683e-22,True,True
snp404,0.01413863630227196,False,False
snp405,4.1873005267525654e-08,True,False
snp406,0.0001779001127918538,False,False
snp407,7.723382256003805e-27,True,True
snp408,0.06401955278176387,False,False
snp409,0.8396112930520838,False,False
snp410,5.060018430324682e-22,True,True
snp411,0.10911830099365574,False,False
snp412,0.11747316371037132,False,False
snp413,0.4681582413444184,False,False
snp414,0.0008674135379940269,False,False
snp415,3.217937942221249e-20,True,True
snp416,3.911014774298634e-14,True,True
snp417,6.436156514875363e-23,True,True
snp418,0.008975401875651687,False,False
snp419,0.2721743435814762,False,False
snp420,0.09472237526969889,False,False
snp421,0.0014341051772708768,False,False
snp422,0.628059220358737,False,False
snp423,1.681611506552293e-11,True,True
snp424,9.266276989409523e-08,False,False
snp425,0.00021484228091608925,False,False
snp426,4.784624478329793e-08,True,False
snp427,3.27449779681998e-10,True,False
snp428,0.4892957743323625,False,False
snp429,3.3440223136354614e-07,False,False
snp430,0.0009984362697928477,False,False
snp431,0.0011541963802735446,False,False
snp432,1.0311980212342434e-16,True,True
snp433,0.009497503771562214,False,False
snp434,5.1043572453261914e-08,False,False
snp435,2.7892903969729668e-05,False,False
snp436,0.003067109028248821,False,False
snp437,0.23231421971976868,False,False
snp438,0.0001328556634787867,False,False
snp439,6.010282686345065e-09,True,False
snp440,4.107969480219767e-16,True,True
snp441,4.027506270183433e-14,True,True
snp442,3.1057394467087557e-14,True,True
snp443,0.5373952038978056,False,False
snp444,5.144606660221115e-12,True,True
snp445,5.77559417193122e-06,False,False
snp446,8.493989623773287e-05,False,False
snp447,0.0006591078462553594,False,False
snp448,8.940251692280948e-10,True,False
snp449,5.377967046755264e-06,False,False
snp450,2.7171363872923846e-07,False,False
snp451,0.3119144852147382,False,False
snp452,0.00019388803496361468,False,False
snp453,1.1764067064867055e-08,True,False
snp454,0.01011532742492397,False,False
snp455,9.086810168519216e-09,True,False
snp456,9.395807534429181e-07,False,False
snp457,9.442423321412969e-05,False,False
snp458,5.461213107257852e-06,False,False
snp459,0.010983327982828047,False,False
snp460,0.49460268679309105,False,False
snp461,4.019147974504193e-06,False,False
snp462,6.462127327812651e-11,True,False
snp463,0.00039285855605496455,False,False
snp464,0.004873213059981723,False,False
snp465,0.3009347062198173,False,False
snp466,0.024753279886594835,False,False
snp467,0.015445250766394653,False,False
snp468,2.6702191082137357e-26,True,True
snp469,7.406404110956022e-06,False,False
snp470,1.2565987476675215e-08,True,False
snp471,0.01041483390274446,False,False
snp472,0.18411823823145626,False,False
snp473,0.4892957743323625,False,False
snp474,2.5287614680162425e-08,True,False
snp475,4.0275062701834343e-14,True,True
snp476,0.6035678175016228,False,False
snp477,4.790943912294888e-06,False,False
snp478,0.009385450831705923,False,False
snp479,1.525139825194241e-17,True,True
snp480,4.5469330679857905e-17,True,True
snp481,6.141432346305728e-09,True,False
snp482,1.0755857111419316e-05,False,False
snp483,0.228251123151464,False,False
snp484,5.490833603385064e-06,False,False
snp485,1.0,False,False
snp486,0.5592237558939865,False,False
snp487,3.805607899133684e-17,True,True
snp488,7.153131405125634e-10,True,False
snp489,0.0001169067770579471,False,False
snp490,0.08515317147802522,False,False
snp491,1.0,False,False
snp492,0.07951177681410941,False,False
snp493,0.0001169067770579471,False,False
snp494,1.0,False,False
snp495,2.4403017570720864e-11,True,True
snp496,1.0,False,False
snp497,1.0,False,False
snp498,3.555976051937771e-06,False,False
snp499,0.49460268679309105,False,False
snp500,0.6057770328558203,False,False
snp501,1.0,False,False
snp502,8.859951246027298e-19,True,True
snp503,0.28770154400909836,False,False
snp504,0.26096329218202596,False,False
snp505,0.06054917253072187,False,False
snp506,0.16624429649890732,False,False
snp507,2.662422454046587e-08,True,False
snp508,5.0527496391342006e-08,False,False
snp509,1.3605601192585214e-10,True,False
snp510,1.79954252013966e-09,True,False
snp511,1.0053044811527075e-08,True,False
snp512,0.00023346812795440607,False,False
snp513,9.220397531134717e-13,True,True
snp514,0.29934541722123864,False,False
snp515,9.236991216939754e-06,False,False
snp516,0.7292554366925956,False,False
snp517,0.3410610130510092,False,False
snp518,0.11380618097399868,False,False
snp519,6.9760781797620345e-28,True,True
snp520,8.58106728876226e-08,False,False
snp521,0.000270710639240064,False,False
snp522,0.7229981547925515,False,False
snp523,0.06675281889443345,False,False
snp524,0.628059220358737,False,False
snp525,1.8878459053954422e-15,True,True
snp526,0.6009445832753917,False,False
snp527,3.448709678448481e-10,True,False
snp528,0.020961689940413933,False,False
snp529,9.55671816358737e-07,False,False
snp530,0.00014395755614556033,False,False
snp531,0.1553672705298616,False,False
snp532,0.7202588554796702,False,False
snp533,9.236991216939756e-06,False,False
snp534,0.16570635730567151,False,False
snp535,0.00014395755614556033,False,False
snp536,0.2411733799325346,False,False
snp537,2.2042477289731043e-22,True,True
snp538,0.000320462237190767,False,False
snp539,3.3271851330406274e-09,True,False
snp540,0.8503127979527609,False,False
snp541,6.598929017082162e-18,True,True
snp542,0.1853918190752778,False,False
snp543,0.16624429649890732,False,False
snp544,1.0,False,False
snp545,1.0,False,False
snp546,0.8616275889240178,False,False
snp547,4.573904144610287e-09,True,False
snp548,0.38854186976232186,False,False
snp549,1.2207306038708343e-14,True,True
snp550,1.5254823641915777e-09,True,False
snp551,0.0010153589311374506,False,False
snp552,1.0,False,False
snp553,0.037540671493003164,False,False
snp554,0.2690325034797732,False,False
snp555,0.00018381425964666417,False,False
snp556,3.1082634832297463e-17,True,True
snp557,2.4181639930515957e-19,True,True
snp558,0.008975401875651687,False,False
snp559,0.6895861640915719,False,False
snp560,0.002787102964685354,False,False
snp561,1.2340178393137236e-06,False,False
snp562,1.1132572251225757e-21,True,True
snp563,1.127459440809762e-05,False,False
snp564,0.0016059584240490136,False,False
snp565,0.0025000883354578014,False,False
snp566,0.38730046881913405,False,False
snp567,2.289010745831166e-09,True,False
snp568,0.12104575135445347,False,False
snp569,4.2255302387984294e-13,True,True
snp570,5.896297491208163e-10,True,False
snp571,8.502815828596964e-10,True,False
snp572,2.3255508834974427e-13,True,True
snp573,1.5401564848758624e-16,True,True
snp574,0.01995484846553722,False,False
snp575,1.0,False,False
snp576,1.0,False,False
snp577,6.848286872758709e-11,True,False
snp578,7.742594684830589e-14,True,True
snp579,0.20197465434114759,False,False
snp580,1.3027853241632757e-08,True,False
snp581,0.08316311648869218,False,False
snp582,0.02790480380896835,False,False
snp583,0.0001919447659629867,False,False
snp584,1.2839625720426429e-10,True,False
snp585,1.2194508205243113e-07,False,False
snp586,1.6752593134712122e-21,True,True
snp587,0.6864190373747079,False,False
snp588,0.3892046753041758,False,False
snp589,4.573904144610287e-09,True,False
snp590,0.0006591078462553594,False,False
snp591,8.51343812133218e-21,True,True
snp592,0.3767344547371408,False,False
snp593,8.289076888789715e-08,False,False
snp594,0.10496431093738448,False,False
snp595,2.473344291454172e-05,False,False
snp596,1.9495353071491203e-10,True,False
snp597,3.5059165804115925e-05,False,False
snp598,4.676134903656299e-22,True,True
snp599,3.667984339974383e-06,False,False
snp600,4.4400448115490405e-12,True,True
snp601,0.00022300430904869707,False,False
snp602,0.08191162456565328,False,False
snp603,4.4879803732686976e-14,True,True
snp604,0.0001884930409805259,False,False
snp605,0.2690325034797732,False,False
snp606,0.48860873663731086,False,False
snp607,0.021310675530290073,False,False
snp608,1.675536661932438e-05,False,False
snp609,0.26925978175065757,False,False
snp610,2.3144479665824033e-06,False,False
snp611,3.602676078215366e-30,True,True
snp612,1.8584972117906842e-09,True,False
snp613,0.7295976414738539,False,False
snp614,1.3196330578143305e-13,True,True
snp615,5.855504410323862e-05,False,False
snp616,4.497381655684524e-10,True,False
snp617,0.03246933312770643,False,False
snp618,0.016319608161892863,False,False
snp619,1.511015166090438e-10,True,False
snp620,0.37173347160852865,False,False
snp621,1.5868271111233073e-16,True,True
snp622,1.7585948095184682e-07,False,False
snp623,5.618536195063248e-07,False,False
snp624,7.484759258189191e-13,True,True
snp625,0.04140229033946559,False,False
snp626,2.055894041801362e-13,True,True
snp627,7.273222172194548e-07,False,False
snp628,0.06597126462348515,False,False
snp629,4.646786198696459e-13,True,True
snp630,3.1910051338357627e-18,True,True
snp631,2.1749036463119002e-24,True,True
snp632,9.197908785921036e-17,True,True
snp633,0.0947223752696989,False,False
snp634,3.1057394467087557e-14,True,True
snp635,1.9768057847037808e-25,True,True
snp636,9.704984508498862e-08,False,False
snp637,4.0933039109368136e-08,True,False
snp638,0.12609988948728476,False,False
snp639,0.31056904370186666,False,False
snp640,0.5632397703352476,False,False
snp641,1.6795633325594963e-14,True,True
snp642,1.3455206193484988e-05,False,False
snp643,2.0558940418013616e-13,True,True
snp644,4.5857745004424585e-05,False,False
snp645,1.0766369455566834e-34,True,True
snp646,3.671471214668384e-05,False,False
snp647,4.217982698909517e-10,True,False
snp648,0.09398476759245375,False,False
snp649,4.663912990235368e-06,False,False
snp650,0.0003667952220304409,False,False
snp651,1.0541915218802467e-23,True,True
snp652,1.471701873655862e-18,True,True
snp653,0.0006591078462553595,False,False
snp654,0.5818865355091679,False,False
snp655,0.0008859611242161766,False,False
snp656,0.04250973415265039,False,False
snp657,0.6280592203587371,False,False
snp658,0.2956552226530934,False,False
snp659,0.7255613846993019,False,False
snp660,1.5558412496629314e-06,False,False
snp661,0.005693777418979151,False,False
snp662,5.315061475680809e-07,False,False
snp663,0.07662459989559614,False,False
snp664,0.37479754833319756,False,False
snp665,3.5584585340934126e-05,False,False
snp666,0.5556975459411382,False,False
snp667,6.134783364578792e-10,True,False
snp668,1.2636328197242803e-09,True,False
snp669,0.0012363168191192174,False,False
snp670,3.3188638452742293e-10,True,False
snp671,0.00011705361043577298,False,False
snp672,0.00011178848362203475,False,False
snp673,0.0010494429059271734,False,False
snp674,4.596137559955079e-06,False,False
snp675,7.760523086115663e-07,False,False
snp676,2.6314383592701143e-16,True,True
snp677,0.0005079002601152374,False,False
snp678,1.6528453887241846e-08,True,False
snp679,3.7977707646570347e-06,False,False
snp680,0.5732939862418696,False,False
snp681,4.548680247018787e-10,True,False
snp682,8.495639008673489e-25,True,True
snp683,0.006311782930406961,False,False
snp684,1.3756399385025487e-15,True,True
snp685,0.6050252313622216,False,False
snp686,1.1598370385831471e-12,True,True
snp687,1.896438652922388e-09,True,False
snp688,0.00024954593336803965,False,False
snp689,5.740331316769943e-15,True,True
snp690,1.0,False,False
snp691,2.8123400831492804e-10,True,False
snp692,0.4007220962073498,False,False
snp693,0.38730046881913405,False,False
snp694,1.6555546794340047e-08,True,False
snp695,2.418163993051595e-19,True,True
snp696,0.4848222697685953,False,False
snp697,2.0928000113177636e-05,False,False
snp698,5.919883503383638e-09,True,False
snp699,4.6450060983882676e-08,True,False
snp700,0.003478872883939811,False,False
snp701,0.8228648176121093,False,False
snp702,1.0311980212342433e-16,True,True
snp703,1.5098729734826032e-32,True,True
snp704,2.3617559659195176e-09,True,False
snp705,7.847419518349446e-16,True,True
snp706,0.0554035911866808,False,False
snp707,3.454862179933796e-06,False,False
snp708,0.5711228164726718,False,False
snp709,2.272765513932445e-16,True,True
snp710,1.3088642851546735e-26,True,True
snp711,1.0240683386805624e-06,False,False
snp712,0.0015914190313798835,False,False
snp713,0.003493390313856567,False,False
snp714,8.495639008673489e-25,True,True
snp715,0.7269784408791016,False,False
snp716,1.6645408336228363e-24,True,True
snp717,0.008822907155696467,False,False
snp718,0.020085960770871922,False,False
snp719,3.797770764657034e-06,False,False
snp720,0.0306152116193579,False,False
snp721,0.16387644197233442,False,False
snp722,1.3717195219998077e-22,True,True
snp723,4.201928378766195e-13,True,True
snp724,0.18108315778935596,False,False
snp725,2.455720532048992e-13,True,True
snp726,0.016305076621628743,False,False
snp727,4.193243240018504e-15,True,True
snp728,0.00039990048683133774,False,False
snp729,0.8080305653464448,False,False
snp730,8.734987630359658e-12,True,True
snp731,0.1704205829465861,False,False
snp732,4.876694009169798e-29,True,True
snp733,7.742256345050171e-07,False,False
snp734,0.004010858019713124,False,False
snp735,9.220397531134717e-13,True,True
snp736,0.08862105536658396,False,False
snp737,0.42545760290781964,False,False
snp738,6.547112742879578e-09,True,False
snp739,0.11213703494350091,False,False
snp740,0.02096168994041394,False,False
snp741,0.3858640246265496,False,False
snp742,0.025225606311963782,False,False
snp743,2.0373998674419227e-08,True,False
snp744,0.00631178293040696,False,False
snp745,0.11380618097399867,False,False
snp746,6.839247652831605e-25,True,True
snp747,0.6972437209783173,False,False
snp748,0.26925978175065757,False,False
snp749,4.3897072792136656e-20,True,True
snp750,3.309246855462595e-10,True,False
snp751,1.4226891763432745e-26,True,True
snp752,1.0,False,False
snp753,0.002232329076275091,False,False
snp754,1.970227155147011e-29,True,True
snp755,0.4792381813717107,False,False
snp756,1.1420962063409277e-15,True,True
snp757,6.134783364578792e-10,True,False
snp758,0.8608413820429043,False,False
snp759,0.027184448406143043,False,False
snp760,0.38314685238796364,False,False
snp761,0.3009347062198173,False,False
snp762,0.0013422879109615902,False,False
snp763,0.006445372645225694,False,False
snp764,1.2859188382528759e-09,True,False
snp765,0.007779691757763474,False,False
snp766,1.6772408425211536e-11,True,True
snp767,0.022436263922863867,False,False
snp768,0.0005707038533582908,False,False
snp769,4.193243240018504e-15,True,True
snp770,9.5615289786663e-09,True,False
snp771,0.06203993576752592,False,False
snp772,2.846660351978829e-28,True,True
snp773,0.05320390716073314,False,False
snp774,3.1057394467087557e-14,True,True
snp775,0.863006543579948,False,False
snp776,0.00036679522203044096,False,False
snp777,7.991141882297644e-13,True,True
snp778,0.2795719559537313,False,False
snp779,0.8605843767516719,False,False
snp780,1.6882596151083234e-28,True,True
snp781,1.9530190123565478e-07,False,False
snp782,1.0,False,False
snp783,2.0938513647234927e-11,True,True
snp784,3.629556951907222e-12,True,True
snp785,0.018488291914222514,False,False
snp786,0.004548169362834167,False,False
snp787,3.303200856815045e-14,True,True
snp788,1.5170063872044344e-05,False,False
snp789,0.002478180475197662,False,False
snp790,1.4090817231691958e-05,False,False
snp791,0.000529349787891899,False,False
snp792,1.5474077422225927e-17,True,True
snp793,0.01555437003642004,False,False
snp794,5.466129883562024e-05,False,False
snp795,1.0,False,False
snp796,0.37479754833319756,False,False
snp797,0.005025955691084912,False,False
snp798,0.00036471445162623866,False,False
snp799,9.236991216939754e-06,False,False
snp800,7.316590383108592e-11,True,False
snp801,4.2884600323870054e-07,False,False
snp802,1.6429122267152055e-05,False,False
snp803,0.7320926859329301,False,False
snp804,0.2003974353748012,False,False
snp805,0.001148479848981086,False,False
snp806,1.802795515159081e-05,False,False
snp807,0.2251822775795272,False,False
snp808,1.6047288160794335e-13,True,True
snp809,0.5325728158520642,False,False
snp810,0.028867921998840897,False,False
snp811,0.002022003373830851,False,False
snp812,0.5711228164726718,False,False
snp813,0.5988679410982964,False,False
snp814,0.0044842241923006825,False,False
snp815,1.0438649980664806e-05,False,False
snp816,5.349576399996073e-08,False,False
snp817,0.3767344547371408,False,False
snp818,0.005815566364186391,False,False
snp819,3.1914836684355206e-07,False,False
snp820,0.43808490833841696,False,False
snp821,0.024753279886594835,False,False
snp822,0.5679290939199394,False,False
snp823,0.00011307893209339942,False,False
snp824,9.647711886101327e-11,True,False
snp825,0.7175747948221637,False,False
snp826,0.06701763062873756,False,False
snp827,1.0,False,False
snp828,4.6083952925786727e-05,False,False
snp829,5.233468107385794e-07,False,False
snp830,0.032726118958927346,False,False
snp831,5.632677072636794e-15,True,True
snp832,3.0954927075394694e-28,True,True
snp833,4.375887935342419e-08,True,False
snp834,1.371483348328392e-22,True,True
snp835,2.687083915307161e-19,True,True
snp836,3.5601300671094863e-12,True,True
snp837,5.254435926067704e-07,False,False
snp838,4.543424368142118e-05,False,False
snp839,0.08113843709767968,False,False
snp840,0.004386052116600864,False,False
snp841,0.0010164118787716445,False,False
snp842,1.834549579411042e-06,False,False
snp843,6.062762888733895e-13,True,True
snp844,6.069493400831394e-07,False,False
snp845,0.29725708829056785,False,False
snp846,5.937585460492694e-05,False,False
snp847,2.0072974578748785e-06,False,False
snp848,0.02522560631196378,False,False
snp849,0.12800911630112882,False,False
snp850,0.005586428693545007,False,False
snp851,8.745274934137824e-22,True,True
snp852,2.684267664910353e-09,True,False
snp853,4.502523771694464e-18,True,True
snp854,0.7282795230197867,False,False
snp855,0.0029286170996557803,False,False
snp856,6.104461770048986e-10,True,False
snp857,0.3447659638387498,False,False
snp858,0.05784168801787334,False,False
snp859,5.599378788345285e-19,True,True
snp860,0.016319608161892863,False,False
snp861,4.226674964904097e-14,True,True
snp862,6.355407378689894e-05,False,False
snp863,0.043225975875996095,False,False
snp864,1.4122872419325079e-33,True,True
snp865,0.0006013608322514457,False,False
snp866,1.6108614175663907e-14,True,True
snp867,0.07616541742981102,False,False
snp868,0.5946756940954278,False,False
snp869,0.2819815575484397,False,False
snp870,0.0992120908623588,False,False
snp871,1.0,False,False
snp872,0.04002328759689204,False,False
snp873,3.231750192197182e-05,False,False
snp874,0.2707470005872474,False,False
snp875,0.3179186855335573,False,False
snp876,1.4713329632489838e-09,True,False
snp877,1.6752593134712126e-21,True,True
snp878,0.5802371338390497,False,False
snp879,0.7514448503171651,False,False
snp880,0.4641273322595991,False,False
snp881,1.3196330578143307e-13,True,True
snp882,0.20444130360079704,False,False
snp883,8.472602209791399e-19,True,True
snp884,0.33850173516957416,False,False
snp885,8.888307996490438e-05,False,False
snp886,0.024057660526315763,False,False
snp887,0.5679290939199394,False,False
snp888,0.038511142374527935,False,False
snp889,5.758214798521133e-19,True,True
snp890,6.794094955288884e-11,True,False
snp891,5.254435926067704e-07,False,False
snp892,0.016884329139892292,False,False
snp893,0.016065238206262197,False,False
snp894,0.10569696851668953,False,False
snp895,1.0,False,False
snp896,0.0006170370496971153,False,False
snp897,1.8544488554558016e-06,False,False
snp898,1.411465059400375e-15,True,True
snp899,0.015931082636214944,False,False
snp900,0.058856106721112175,False,False
snp901,2.2323742964595833e-21,True,True
snp902,9.177551142888473e-09,True,False
snp903,1.4255513861249067e-08,True,False
snp904,0.3850698043285728,False,False
snp905,1.142096206340928e-15,True,True
snp906,0.0007773805790879547,False,False
snp907,1.0,False,False
snp908,6.277281992605547e-13,True,True
snp909,0.000406002147460941,False,False
snp910,1.6108614175663907e-14,True,True
snp911,0.005811432344560539,False,False
snp912,0.0014401274828725287,False,False
snp913,1.5212825750142085e-06,False,False
snp914,1.5712491055540355e-05,False,False
snp915,2.170447513003748e-23,True,True
snp916,0.005693777418979152,False,False
snp917,0.0044842241923006825,False,False
snp918,0.06223851734345889,False,False
snp919,0.005341658449136264,False,False
snp920,0.016305076621628747,False,False
snp921,9.647711886101327e-11,True,False
snp922,5.1043572453261914e-08,False,False
snp923,1.1858693526482618e-07,False,False
snp924,3.1430933153094103e-15,True,True
snp925,0.0027014350887585637,False,False
snp926,1.0,False,False
snp927,0.01213725620874366,False,False
snp928,1.168984753589945e-08,True,False
snp929,0.07857910856718683,False,False
snp930,0.16561906240768845,False,False
snp931,0.11553748221766416,False,False
snp932,0.04820090331209016,False,False
snp933,1.0,False,False
snp934,0.0013490634382908409,False,False
snp935,4.672851872434266e-13,True,True
snp936,3.966052049110896e-06,False,False
snp937,2.7892903969729668e-05,False,False
snp938,6.81128447271533e-14,True,True
snp939,0.055508796521470755,False,False
snp940,1.7734701889721403e-21,True,True
snp941,1.976805784703781e-25,True,True
snp942,0.00010784821256624572,False,False
snp943,1.0,False,False
snp944,6.012551426474032e-06,False,False
snp945,0.0006591078462553595,False,False
snp946,1.0,False,False
snp947,8.859951246027298e-19,True,True
snp948,0.011142973698461196,False,False
snp949,7.742256345050171e-07,False,False
snp950,0.0018065041551894598,False,False
snp951,4.09701918919644e-34,True,True
snp952,3.7485886108868464e-06,False,False
snp953,0.11782050026962002,False,False
snp954,0.0003172737630057545,False,False
snp955,0.03738215519141015,False,False
snp956,4.1873005267525654e-08,True,False
snp957,0.6059589400789179,False,False
snp958,1.4226891763432747e-26,True,True
snp959,0.024640664890954657,False,False
snp960,0.46929159619471505,False,False
snp961,2.4775760310561398e-20,True,True
snp962,0.03931791433973599,False,False
snp963,1.1689847535899448e-08,True,False
snp964,4.651234333449212e-16,True,True
snp965,2.7735692071881077e-05,False,False
snp966,1.3219664199889064e-13,True,True
snp967,0.11992587522560341,False,False
snp968,2.9232549037408166e-10,True,False
snp969,0.00502595569108491,False,False
snp970,6.277281992605547e-13,True,True
snp971,1.9702271551470116e-29,True,True
snp972,0.0001054576768334809,False,False
snp973,2.1749036463119002e-24,True,True
snp974,3.730348296243619e-17,True,True
snp975,5.4520743406661e-16,True,True
snp976,1.6882596151083234e-28,True,True
snp977,0.27949677346923685,False,False
snp978,1.0,False,False
snp979,0.6313399480017421,False,False
snp980,1.9379749830397035e-07,False,False
snp981,0.005743815330130897,False,False
snp982,0.002445223229465619,False,False
snp983,6.412506119339062e-13,True,True
snp984,0.0006774593645411015,False,False
snp985,1.6882596151083234e-28,True,True
snp986,0.0024848713433040424,False,False
snp987,3.385998580010968e-12,True,True
snp988,1.383838667102413e-07,False,False
snp989,0.20444130360079704,False,False
snp990,0.26977300311732666,False,False
snp991,0.5818865355091679,False,False
snp992,2.8145881175079337e-12,True,True
snp993,0.0017138720179830152,False,False
snp994,2.093868953697127e-08,True,False
snp995,3.388996780792965e-06,False,False
snp996,5.335620152589192e-29,True,True
snp997,1.0,False,False
snp998,8.417761960674685e-27,True,True
snp999,1.7820470738454268e-07,False,False
